<?xml version="1.0" encoding="UTF-8" standalone="yes"?>
<manifest>
  <control namespace="ditiosol" constructor="IntlTelInputComponent" version="2.2.0" display-name-key="IntlTelInputComponent" description-key="IntlTelInputComponent description" control-type="standard" api-version="1.2.1">
    <type-group name="phone">
      <type>SingleLine.Phone</type>
    </type-group>
    <property name="Phone" display-name-key="Phone_Display_Key" description-key="Phone_Desc_Key" of-type-group="phone" usage="bound" required="true"/>
    <property name="defaultCC" display-name-key="PropertyDefaultCC_Display_Key" description-key="PropertyDefaultCC_Desc_Key" of-type="SingleLine.Text" usage="input" required="false" default-value="us"/>
    <property name="favoriteCC" display-name-key="PropertyFavoriteCC_Display_Key" description-key="PropertyFavoriteCC_Desc_Key" of-type="SingleLine.Text" usage="input" required="false" default-value=""/>
    <property name="showValidationRule" display-name-key="ShowValidationRule_Display_Key" description-key="ShowValidationRule_Desc_Key" of-type="Enum" usage="input" required="true" default-value="No">
      <value name="Yes" display-name-key="Yes" description-key="Yes">Yes</value>
      <value name="No" display-name-key="No" description-key="No">No</value>
    </property>
    <property name="enableCallLink" display-name-key="EnableCallLink_Display_Key" description-key="EnableCallLink_Desc_Key" of-type="Enum" usage="input" required="true" default-value="No">
      <value name="Yes" display-name-key="Yes" description-key="Yes">Yes</value>
      <value name="No" display-name-key="No" description-key="No">No</value>
    </property>
    <resources>
      <code path="bundle.js" order="1"/>
      <css path="IntlTelInputLib/css/intlTelInput.min.css" order="2"/>
      <css path="css/IntlTelInputComponent.css" order="3"/>
    </resources>
    <feature-usage/>
    <built-by name="pac" version="1.38.3"/>
  </control>
</manifest>